--
-- PostgreSQL database dump
--

\restrict PjTDxEhpktBxHbsvSeAOwj7ySjsXzLPM08hp6xgeYamZhK88kch5902ajiJjpYC

-- Dumped from database version 18.0
-- Dumped by pg_dump version 18.0

SET statement_timeout = 0;
SET lock_timeout = 0;
SET idle_in_transaction_session_timeout = 0;
SET transaction_timeout = 0;
SET client_encoding = 'UTF8';
SET standard_conforming_strings = on;
SELECT pg_catalog.set_config('search_path', '', false);
SET check_function_bodies = false;
SET xmloption = content;
SET client_min_messages = warning;
SET row_security = off;

SET default_tablespace = '';

SET default_table_access_method = heap;

--
-- Name: Booking_booking; Type: TABLE; Schema: public; Owner: postgres
--

CREATE TABLE public."Booking_booking" (
    id bigint NOT NULL,
    service_date date NOT NULL,
    status character varying(20) NOT NULL,
    created_at timestamp with time zone NOT NULL,
    user_id bigint NOT NULL,
    vendor_id bigint NOT NULL,
    work_id bigint NOT NULL
);


ALTER TABLE public."Booking_booking" OWNER TO postgres;

--
-- Name: Booking_booking_id_seq; Type: SEQUENCE; Schema: public; Owner: postgres
--

ALTER TABLE public."Booking_booking" ALTER COLUMN id ADD GENERATED BY DEFAULT AS IDENTITY (
    SEQUENCE NAME public."Booking_booking_id_seq"
    START WITH 1
    INCREMENT BY 1
    NO MINVALUE
    NO MAXVALUE
    CACHE 1
);


--
-- Name: Rag_ai_vendorembedding; Type: TABLE; Schema: public; Owner: postgres
--

CREATE TABLE public."Rag_ai_vendorembedding" (
    id bigint NOT NULL,
    embedding jsonb NOT NULL,
    vendor_work_id bigint NOT NULL
);


ALTER TABLE public."Rag_ai_vendorembedding" OWNER TO postgres;

--
-- Name: Rag_ai_vendorembedding_id_seq; Type: SEQUENCE; Schema: public; Owner: postgres
--

ALTER TABLE public."Rag_ai_vendorembedding" ALTER COLUMN id ADD GENERATED BY DEFAULT AS IDENTITY (
    SEQUENCE NAME public."Rag_ai_vendorembedding_id_seq"
    START WITH 1
    INCREMENT BY 1
    NO MINVALUE
    NO MAXVALUE
    CACHE 1
);


--
-- Name: Users_customuser; Type: TABLE; Schema: public; Owner: postgres
--

CREATE TABLE public."Users_customuser" (
    id bigint NOT NULL,
    password character varying(128) NOT NULL,
    last_login timestamp with time zone,
    email character varying(254) NOT NULL,
    full_name character varying(250) NOT NULL,
    role character varying(10) NOT NULL,
    is_active boolean NOT NULL,
    is_staff boolean NOT NULL,
    is_superuser boolean NOT NULL,
    created_at timestamp with time zone NOT NULL,
    phone character varying(15) NOT NULL,
    certificate character varying(255),
    wants_to_be_staff boolean NOT NULL,
    is_verified boolean NOT NULL,
    status character varying(20) NOT NULL,
    business_name character varying(255),
    specialty character varying(255)
);


ALTER TABLE public."Users_customuser" OWNER TO postgres;

--
-- Name: Users_customuser_groups; Type: TABLE; Schema: public; Owner: postgres
--

CREATE TABLE public."Users_customuser_groups" (
    id bigint NOT NULL,
    customuser_id bigint NOT NULL,
    group_id integer NOT NULL
);


ALTER TABLE public."Users_customuser_groups" OWNER TO postgres;

--
-- Name: Users_customuser_groups_id_seq; Type: SEQUENCE; Schema: public; Owner: postgres
--

ALTER TABLE public."Users_customuser_groups" ALTER COLUMN id ADD GENERATED BY DEFAULT AS IDENTITY (
    SEQUENCE NAME public."Users_customuser_groups_id_seq"
    START WITH 1
    INCREMENT BY 1
    NO MINVALUE
    NO MAXVALUE
    CACHE 1
);


--
-- Name: Users_customuser_id_seq; Type: SEQUENCE; Schema: public; Owner: postgres
--

ALTER TABLE public."Users_customuser" ALTER COLUMN id ADD GENERATED BY DEFAULT AS IDENTITY (
    SEQUENCE NAME public."Users_customuser_id_seq"
    START WITH 1
    INCREMENT BY 1
    NO MINVALUE
    NO MAXVALUE
    CACHE 1
);


--
-- Name: Users_customuser_user_permissions; Type: TABLE; Schema: public; Owner: postgres
--

CREATE TABLE public."Users_customuser_user_permissions" (
    id bigint NOT NULL,
    customuser_id bigint NOT NULL,
    permission_id integer NOT NULL
);


ALTER TABLE public."Users_customuser_user_permissions" OWNER TO postgres;

--
-- Name: Users_customuser_user_permissions_id_seq; Type: SEQUENCE; Schema: public; Owner: postgres
--

ALTER TABLE public."Users_customuser_user_permissions" ALTER COLUMN id ADD GENERATED BY DEFAULT AS IDENTITY (
    SEQUENCE NAME public."Users_customuser_user_permissions_id_seq"
    START WITH 1
    INCREMENT BY 1
    NO MINVALUE
    NO MAXVALUE
    CACHE 1
);


--
-- Name: VendorSide_favorites; Type: TABLE; Schema: public; Owner: postgres
--

CREATE TABLE public."VendorSide_favorites" (
    id bigint NOT NULL,
    created_at timestamp with time zone NOT NULL,
    user_id bigint NOT NULL,
    work_id bigint NOT NULL
);


ALTER TABLE public."VendorSide_favorites" OWNER TO postgres;

--
-- Name: VendorSide_favorites_id_seq; Type: SEQUENCE; Schema: public; Owner: postgres
--

ALTER TABLE public."VendorSide_favorites" ALTER COLUMN id ADD GENERATED BY DEFAULT AS IDENTITY (
    SEQUENCE NAME public."VendorSide_favorites_id_seq"
    START WITH 1
    INCREMENT BY 1
    NO MINVALUE
    NO MAXVALUE
    CACHE 1
);


--
-- Name: VendorSide_review; Type: TABLE; Schema: public; Owner: postgres
--

CREATE TABLE public."VendorSide_review" (
    id bigint NOT NULL,
    rating integer NOT NULL,
    comment text NOT NULL,
    created_at timestamp with time zone NOT NULL,
    user_id bigint NOT NULL,
    work_id bigint NOT NULL
);


ALTER TABLE public."VendorSide_review" OWNER TO postgres;

--
-- Name: VendorSide_review_id_seq; Type: SEQUENCE; Schema: public; Owner: postgres
--

ALTER TABLE public."VendorSide_review" ALTER COLUMN id ADD GENERATED BY DEFAULT AS IDENTITY (
    SEQUENCE NAME public."VendorSide_review_id_seq"
    START WITH 1
    INCREMENT BY 1
    NO MINVALUE
    NO MAXVALUE
    CACHE 1
);


--
-- Name: VendorSide_vendorworks; Type: TABLE; Schema: public; Owner: postgres
--

CREATE TABLE public."VendorSide_vendorworks" (
    id bigint NOT NULL,
    title character varying(100) NOT NULL,
    description text NOT NULL,
    created_at timestamp with time zone NOT NULL,
    vendor_id bigint NOT NULL,
    is_available boolean CONSTRAINT "VendorSide_vendorworks_id_available_not_null" NOT NULL,
    latitude double precision NOT NULL,
    longitude double precision NOT NULL
);


ALTER TABLE public."VendorSide_vendorworks" OWNER TO postgres;

--
-- Name: VendorSide_vendorworks_id_seq; Type: SEQUENCE; Schema: public; Owner: postgres
--

ALTER TABLE public."VendorSide_vendorworks" ALTER COLUMN id ADD GENERATED BY DEFAULT AS IDENTITY (
    SEQUENCE NAME public."VendorSide_vendorworks_id_seq"
    START WITH 1
    INCREMENT BY 1
    NO MINVALUE
    NO MAXVALUE
    CACHE 1
);


--
-- Name: VendorSide_workimages; Type: TABLE; Schema: public; Owner: postgres
--

CREATE TABLE public."VendorSide_workimages" (
    id bigint NOT NULL,
    image_url character varying(255),
    work_id bigint NOT NULL
);


ALTER TABLE public."VendorSide_workimages" OWNER TO postgres;

--
-- Name: VendorSide_workimages_id_seq; Type: SEQUENCE; Schema: public; Owner: postgres
--

ALTER TABLE public."VendorSide_workimages" ALTER COLUMN id ADD GENERATED BY DEFAULT AS IDENTITY (
    SEQUENCE NAME public."VendorSide_workimages_id_seq"
    START WITH 1
    INCREMENT BY 1
    NO MINVALUE
    NO MAXVALUE
    CACHE 1
);


--
-- Name: auth_group; Type: TABLE; Schema: public; Owner: postgres
--

CREATE TABLE public.auth_group (
    id integer NOT NULL,
    name character varying(150) NOT NULL
);


ALTER TABLE public.auth_group OWNER TO postgres;

--
-- Name: auth_group_id_seq; Type: SEQUENCE; Schema: public; Owner: postgres
--

ALTER TABLE public.auth_group ALTER COLUMN id ADD GENERATED BY DEFAULT AS IDENTITY (
    SEQUENCE NAME public.auth_group_id_seq
    START WITH 1
    INCREMENT BY 1
    NO MINVALUE
    NO MAXVALUE
    CACHE 1
);


--
-- Name: auth_group_permissions; Type: TABLE; Schema: public; Owner: postgres
--

CREATE TABLE public.auth_group_permissions (
    id bigint NOT NULL,
    group_id integer NOT NULL,
    permission_id integer NOT NULL
);


ALTER TABLE public.auth_group_permissions OWNER TO postgres;

--
-- Name: auth_group_permissions_id_seq; Type: SEQUENCE; Schema: public; Owner: postgres
--

ALTER TABLE public.auth_group_permissions ALTER COLUMN id ADD GENERATED BY DEFAULT AS IDENTITY (
    SEQUENCE NAME public.auth_group_permissions_id_seq
    START WITH 1
    INCREMENT BY 1
    NO MINVALUE
    NO MAXVALUE
    CACHE 1
);


--
-- Name: auth_permission; Type: TABLE; Schema: public; Owner: postgres
--

CREATE TABLE public.auth_permission (
    id integer NOT NULL,
    name character varying(255) NOT NULL,
    content_type_id integer NOT NULL,
    codename character varying(100) NOT NULL
);


ALTER TABLE public.auth_permission OWNER TO postgres;

--
-- Name: auth_permission_id_seq; Type: SEQUENCE; Schema: public; Owner: postgres
--

ALTER TABLE public.auth_permission ALTER COLUMN id ADD GENERATED BY DEFAULT AS IDENTITY (
    SEQUENCE NAME public.auth_permission_id_seq
    START WITH 1
    INCREMENT BY 1
    NO MINVALUE
    NO MAXVALUE
    CACHE 1
);


--
-- Name: chat_chatmessage; Type: TABLE; Schema: public; Owner: postgres
--

CREATE TABLE public.chat_chatmessage (
    id bigint NOT NULL,
    message text NOT NULL,
    "timestamp" timestamp with time zone NOT NULL,
    sender_id bigint NOT NULL,
    room_id bigint NOT NULL
);


ALTER TABLE public.chat_chatmessage OWNER TO postgres;

--
-- Name: chat_chatmessage_id_seq; Type: SEQUENCE; Schema: public; Owner: postgres
--

ALTER TABLE public.chat_chatmessage ALTER COLUMN id ADD GENERATED BY DEFAULT AS IDENTITY (
    SEQUENCE NAME public.chat_chatmessage_id_seq
    START WITH 1
    INCREMENT BY 1
    NO MINVALUE
    NO MAXVALUE
    CACHE 1
);


--
-- Name: chat_chatroom; Type: TABLE; Schema: public; Owner: postgres
--

CREATE TABLE public.chat_chatroom (
    id bigint NOT NULL,
    created_at timestamp with time zone NOT NULL,
    user_id bigint NOT NULL,
    vendor_id bigint NOT NULL
);


ALTER TABLE public.chat_chatroom OWNER TO postgres;

--
-- Name: chat_chatroom_id_seq; Type: SEQUENCE; Schema: public; Owner: postgres
--

ALTER TABLE public.chat_chatroom ALTER COLUMN id ADD GENERATED BY DEFAULT AS IDENTITY (
    SEQUENCE NAME public.chat_chatroom_id_seq
    START WITH 1
    INCREMENT BY 1
    NO MINVALUE
    NO MAXVALUE
    CACHE 1
);


--
-- Name: django_admin_log; Type: TABLE; Schema: public; Owner: postgres
--

CREATE TABLE public.django_admin_log (
    id integer NOT NULL,
    action_time timestamp with time zone NOT NULL,
    object_id text,
    object_repr character varying(200) NOT NULL,
    action_flag smallint NOT NULL,
    change_message text NOT NULL,
    content_type_id integer,
    user_id bigint NOT NULL,
    CONSTRAINT django_admin_log_action_flag_check CHECK ((action_flag >= 0))
);


ALTER TABLE public.django_admin_log OWNER TO postgres;

--
-- Name: django_admin_log_id_seq; Type: SEQUENCE; Schema: public; Owner: postgres
--

ALTER TABLE public.django_admin_log ALTER COLUMN id ADD GENERATED BY DEFAULT AS IDENTITY (
    SEQUENCE NAME public.django_admin_log_id_seq
    START WITH 1
    INCREMENT BY 1
    NO MINVALUE
    NO MAXVALUE
    CACHE 1
);


--
-- Name: django_content_type; Type: TABLE; Schema: public; Owner: postgres
--

CREATE TABLE public.django_content_type (
    id integer NOT NULL,
    app_label character varying(100) NOT NULL,
    model character varying(100) NOT NULL
);


ALTER TABLE public.django_content_type OWNER TO postgres;

--
-- Name: django_content_type_id_seq; Type: SEQUENCE; Schema: public; Owner: postgres
--

ALTER TABLE public.django_content_type ALTER COLUMN id ADD GENERATED BY DEFAULT AS IDENTITY (
    SEQUENCE NAME public.django_content_type_id_seq
    START WITH 1
    INCREMENT BY 1
    NO MINVALUE
    NO MAXVALUE
    CACHE 1
);


--
-- Name: django_migrations; Type: TABLE; Schema: public; Owner: postgres
--

CREATE TABLE public.django_migrations (
    id bigint NOT NULL,
    app character varying(255) NOT NULL,
    name character varying(255) NOT NULL,
    applied timestamp with time zone NOT NULL
);


ALTER TABLE public.django_migrations OWNER TO postgres;

--
-- Name: django_migrations_id_seq; Type: SEQUENCE; Schema: public; Owner: postgres
--

ALTER TABLE public.django_migrations ALTER COLUMN id ADD GENERATED BY DEFAULT AS IDENTITY (
    SEQUENCE NAME public.django_migrations_id_seq
    START WITH 1
    INCREMENT BY 1
    NO MINVALUE
    NO MAXVALUE
    CACHE 1
);


--
-- Name: django_session; Type: TABLE; Schema: public; Owner: postgres
--

CREATE TABLE public.django_session (
    session_key character varying(40) NOT NULL,
    session_data text NOT NULL,
    expire_date timestamp with time zone NOT NULL
);


ALTER TABLE public.django_session OWNER TO postgres;

--
-- Data for Name: Booking_booking; Type: TABLE DATA; Schema: public; Owner: postgres
--

COPY public."Booking_booking" (id, service_date, status, created_at, user_id, vendor_id, work_id) FROM stdin;
1	2025-08-02	APPROVED	2026-03-07 14:30:10.166626+05:30	40	31	1
81	2026-04-22	APPROVED	2026-04-21 12:32:09.822014+05:30	40	31	1
82	2026-04-22	APPROVED	2026-04-21 12:42:22.392893+05:30	40	31	1
80	2026-04-22	APPROVED	2026-04-21 12:32:05.897222+05:30	40	31	1
86	2026-04-22	PENDING	2026-04-21 14:26:13.952385+05:30	40	31	7
4	2026-09-09	APPROVED	2026-03-09 16:02:45.778743+05:30	40	31	4
5	2027-09-09	APPROVED	2026-03-09 16:36:07.876111+05:30	40	31	1
6	2029-09-09	APPROVED	2026-03-09 16:43:00.178132+05:30	40	31	1
7	2029-09-09	APPROVED	2026-03-09 16:44:21.953897+05:30	40	31	1
8	2027-09-09	APPROVED	2026-03-09 16:53:19.699636+05:30	40	31	1
9	2026-08-04	APPROVED	2026-03-09 20:51:36.768953+05:30	40	31	1
10	2025-09-08	APPROVED	2026-03-09 20:57:35.287714+05:30	40	31	1
11	2025-09-08	APPROVED	2026-03-09 20:58:15.967706+05:30	40	31	1
12	2025-04-08	APPROVED	2026-03-10 12:49:47.172167+05:30	40	31	1
13	2029-08-04	APPROVED	2026-03-11 12:58:13.775309+05:30	40	31	4
14	2029-09-09	APPROVED	2026-03-11 13:36:45.153382+05:30	40	31	4
15	2029-09-09	APPROVED	2026-03-11 13:41:53.793217+05:30	40	31	4
16	2026-09-09	APPROVED	2026-03-11 15:10:23.895629+05:30	40	31	4
17	2025-05-05	APPROVED	2026-03-12 10:31:41.930629+05:30	40	31	4
18	3202-03-31	APPROVED	2026-03-12 10:32:08.07403+05:30	40	31	4
19	2001-08-04	APPROVED	2026-03-12 17:27:06.088098+05:30	40	31	1
21	2026-04-02	APPROVED	2026-03-31 10:18:09.725287+05:30	40	31	1
22	2026-04-02	PENDING	2026-04-01 12:35:04.971249+05:30	40	31	1
23	2026-04-02	PENDING	2026-04-01 14:24:02.529717+05:30	40	31	1
79	2026-04-22	APPROVED	2026-04-21 12:24:03.017947+05:30	40	31	1
24	2026-04-02	APPROVED	2026-04-01 14:27:33.205177+05:30	40	31	1
25	2026-04-02	PENDING	2026-04-01 15:31:33.934436+05:30	40	31	7
26	2026-04-02	PENDING	2026-04-01 15:43:08.005424+05:30	31	31	7
27	2026-04-02	PENDING	2026-04-01 15:49:53.869106+05:30	31	31	7
28	2026-04-02	PENDING	2026-04-01 16:19:27.89276+05:30	40	31	7
29	2026-04-02	PENDING	2026-04-01 16:20:11.666594+05:30	31	31	7
30	2026-04-02	PENDING	2026-04-01 16:25:57.275114+05:30	31	31	7
31	2026-04-02	PENDING	2026-04-01 16:26:15.136249+05:30	31	31	7
32	2026-04-07	PENDING	2026-04-06 16:37:36.350186+05:30	40	31	7
33	2026-04-07	PENDING	2026-04-06 16:49:56.461024+05:30	40	31	7
34	2026-04-07	PENDING	2026-04-06 16:53:20.803249+05:30	40	31	7
35	2026-04-12	weather_risk	2026-04-11 10:22:40.113737+05:30	40	31	7
36	2026-08-12	PENDING	2026-04-11 10:28:51.965123+05:30	40	31	7
37	2026-04-12	weather_risk	2026-04-11 10:39:01.659122+05:30	40	31	7
38	2026-04-12	weather_risk	2026-04-11 10:39:08.275717+05:30	40	31	7
39	2026-04-12	weather_risk	2026-04-11 11:51:25.075502+05:30	40	31	7
40	2026-04-12	weather_risk	2026-04-11 12:09:13.432899+05:30	40	31	7
41	2026-04-12	weather_risk	2026-04-11 12:26:23.257649+05:30	40	31	7
43	2026-04-16	weather_risk	2026-04-14 14:24:31.264605+05:30	40	31	7
76	2026-04-15	PENDING	2026-04-14 14:44:19.09895+05:30	40	31	7
77	2026-04-15	PENDING	2026-04-14 14:44:59.262289+05:30	40	31	7
78	2026-04-15	PENDING	2026-04-14 14:45:42.587857+05:30	40	31	7
83	2026-04-22	weather_risk	2026-04-21 13:27:20.576479+05:30	40	31	7
85	2026-04-22	APPROVED	2026-04-21 14:14:32.96352+05:30	40	31	7
84	2026-04-22	APPROVED	2026-04-21 14:13:50.317327+05:30	40	31	7
42	2026-04-16	APPROVED	2026-04-14 14:17:37.550077+05:30	40	31	7
87	2026-04-22	APPROVED	2026-04-21 15:04:06.397528+05:30	40	31	1
88	2026-04-22	APPROVED	2026-04-21 15:10:45.023556+05:30	40	31	1
89	2026-04-22	PENDING	2026-04-21 17:08:49.531996+05:30	40	31	1
93	2026-04-24	APPROVED	2026-04-22 09:45:54.185911+05:30	40	31	7
94	2026-04-24	APPROVED	2026-04-22 09:50:38.011331+05:30	40	31	7
95	2026-04-24	weather_risk	2026-04-22 10:08:22.300458+05:30	40	31	7
92	2026-04-22	APPROVED	2026-04-21 22:02:25.746476+05:30	40	31	7
96	2026-04-24	weather_risk	2026-04-22 10:10:47.084596+05:30	40	31	1
91	2026-04-22	APPROVED	2026-04-21 22:00:42.60068+05:30	40	31	7
97	2026-04-25	APPROVED	2026-04-22 10:42:14.335196+05:30	40	31	1
98	2026-04-24	weather_risk	2026-04-22 15:36:15.9103+05:30	40	31	1
90	2026-04-22	APPROVED	2026-04-21 21:50:34.491838+05:30	40	31	1
\.


--
-- Data for Name: Rag_ai_vendorembedding; Type: TABLE DATA; Schema: public; Owner: postgres
--

COPY public."Rag_ai_vendorembedding" (id, embedding, vendor_work_id) FROM stdin;
1	[0.021855585277080536, 0.09631423652172089, -0.0000139879075504723, 0.010211078450083733, -0.0005461086984723806, 0.03157755360007286, -0.008585593663156033, -0.018320949748158455, -0.018155986443161964, -0.018569888547062874, 0.024352824315428734, 0.008916920982301235, 0.06416859477758408, -0.039770133793354034, 0.030281657353043556, 0.04060102254152298, 0.0538165383040905, 0.019924858585000038, -0.01613467186689377, 0.0976652055978775, -0.033777330070734024, -0.04389238730072975, -0.004558836575597525, 0.014684551395475864, 0.013659557327628136, -0.03925252705812454, 0.009558958932757378, 0.040171343833208084, -0.014714640565216541, -0.0210145004093647, 0.03343512490391731, 0.0599261075258255, -0.012443674728274345, 0.07519610226154327, 0.055573418736457825, -0.016204645857214928, -0.035789597779512405, -0.0388532392680645, -0.03250325471162796, 0.04775966703891754, -0.018949029967188835, -0.027279270812869072, -0.0007320172735489905, -0.01350497081875801, 0.05084270238876343, -0.012742304243147373, -0.0026423372328281403, -0.004363325424492359, 0.027140479534864426, 0.031008021906018257, -0.0771077498793602, 0.03339540958404541, -0.047951847314834595, -0.01357174851000309, -0.007637000642716885, 0.01505756750702858, -0.07927751541137695, -0.09850828349590302, -0.009491745382547379, -0.10530836135149002, 0.004337718244642019, 0.07057703286409378, -0.02553776279091835, 0.020430363714694977, -0.01013837568461895, 0.025962132960557938, 0.031351860612630844, 0.02519981935620308, 0.01605251058936119, -0.11382701992988586, -0.04277234897017479, -0.025402242317795753, -0.04176568612456322, -0.006592158693820238, -0.07617221772670746, -0.027237527072429657, -0.00279009691439569, -0.06018083915114403, -0.10091742128133774, -0.05899081006646156, 0.0008865863783285022, -0.07674862444400787, -0.00038742023753002286, 0.028070693835616112, -0.024150675162672997, -0.00015693483874201775, -0.06350202858448029, 0.052503298968076706, -0.012549054808914661, -0.09467487782239914, -0.08429861813783646, -0.04975775256752968, -0.13121512532234192, -0.0564163513481617, 0.001073826919309795, 0.05747721716761589, -0.030932404100894928, -0.06212828680872917, 0.01221534051001072, 0.04367803782224655, 0.01185144204646349, 0.010228043422102928, -0.015115944668650627, -0.039567526429891586, 0.021258719265460968, 0.028265586122870445, 0.05805477499961853, 0.05238230153918266, -0.019751958549022675, -0.052738431841135025, -0.096318818628788, -0.004970083013176918, 0.04163246601819992, -0.02074756845831871, -0.016385827213525772, 0.0045570554211735725, -0.061149418354034424, -0.008215589448809624, 0.06300581246614456, -0.021400051191449165, 0.027140982449054718, -0.027472663670778275, -0.10262744128704071, 0.015156813897192478, -0.07619500160217285, -0.03964045271277428, 0.08989240229129791, 0.0000000000000000000000000000000013048203107543363, 0.014946475625038147, 0.02861378714442253, 0.04247789829969406, 0.052731409668922424, 0.042393025010824203, 0.0002861513930838555, -0.03889987990260124, -0.03886670246720314, -0.06257674098014832, -0.04498559236526489, 0.06171782314777374, -0.11023209989070892, 0.012996328063309193, 0.01321695651859045, 0.02985314093530178, -0.005427586380392313, 0.055307138711214066, 0.07603582739830017, 0.007260421756654978, 0.03727085888385773, -0.0668170377612114, 0.025553027167916298, 0.01815095730125904, 0.08973300457000732, -0.027253009378910065, 0.06478042900562286, 0.07864014804363251, 0.1159692108631134, 0.01276993565261364, 0.036182843148708344, -0.017539173364639282, -0.022346792742609978, 0.045860953629016876, -0.07815296202898026, 0.03159375861287117, 0.03914301097393036, -0.059238970279693604, -0.043203204870224, 0.007652571424841881, 0.02668054960668087, -0.07235168665647507, 0.07812497764825821, -0.018804684281349182, 0.06988227367401123, -0.039352357387542725, 0.11446653306484222, -0.0012986550573259592, 0.12936021387577057, 0.021345878019928932, 0.024822013452649117, -0.01958727277815342, -0.0724795013666153, -0.05506528168916702, 0.06524690985679626, -0.016059156507253647, 0.030429182574152946, -0.031288716942071915, -0.06250415742397308, -0.009892537258565426, -0.028483642265200615, 0.020832806825637817, 0.014590884558856487, -0.1140487939119339, 0.05086202919483185, 0.09600593149662018, 0.03751488775014877, 0.06565596908330917, 0.019046854227781296, 0.02672269195318222, 0.038669902831315994, -0.03404174745082855, 0.015106857754290104, 0.049988266080617905, -0.02270776964724064, 0.09662166982889175, 0.04312342777848244, -0.0020693193655461073, 0.002528795972466469, 0.09852906316518784, 0.07229847460985184, -0.09607335180044174, 0.13207966089248657, 0.014520490542054176, 0.01961713284254074, 0.011633068323135376, -0.060672372579574585, -0.014347024261951447, 0.09674201905727386, -0.09897992759943008, 0.019797908142209053, 0.02951233647763729, 0.033534541726112366, 0.07227189093828201, -0.05285508558154106, -0.01919645443558693, -0.000000000000000000000000000000000648401627805368, 0.011713219806551933, 0.03459387645125389, -0.021060146391391754, 0.05373797193169594, 0.0713919848203659, 0.03594668582081795, -0.0323467031121254, -0.042366061359643936, 0.01585746742784977, 0.055600203573703766, 0.03485153242945671, -0.020837169140577316, 0.013916602358222008, -0.06751664727926254, -0.05100911855697632, 0.018539417535066605, 0.1078757718205452, -0.001455550780519843, 0.007464930880814791, 0.021875539794564247, 0.0689343735575676, 0.034897126257419586, 0.060302503407001495, 0.0039784046821296215, -0.047401342540979385, 0.05071679875254631, -0.060569681227207184, 0.061267368495464325, -0.10008984804153442, -0.0250613521784544, -0.00775581831112504, -0.021057473495602608, 0.030701395124197006, 0.012804418802261353, 0.025421494618058205, 0.023668967187404633, -0.025711461901664734, 0.0017385805258527398, -0.00649223942309618, 0.03155439347028732, -0.033317387104034424, -0.06176183000206947, -0.0036260501947253942, 0.01633112132549286, -0.011728372424840927, -0.12464544177055359, -0.04025241732597351, -0.11457471549510956, 0.10782265663146973, 0.028836868703365326, -0.07940397411584854, -0.011861676350235939, -0.07021627575159073, -0.029950803145766258, 0.008401535451412201, -0.05385667458176613, -0.02282850444316864, 0.0027093742974102497, 0.023052170872688293, 0.06457310169935226, 0.05174418166279793, 0.052667036652565, -0.06213342398405075, 0.05930909886956215, 0.005565643776208162, 0.052593979984521866, 0.027856631204485893, 0.01722194440662861, -0.07551422715187073, 0.12100933492183685, 0.030687209218740463, 0.02712320350110531, 0.06794065982103348, 0.11430753767490387, -0.00024789193412289023, -0.12263201922178268, 0.06441865116357803, 0.031822800636291504, 0.05574192851781845, 0.04758619889616966, 0.01721768081188202, -0.0798640325665474, -0.02534789964556694, 0.07733356207609177, 0.01281000766903162, 0.015538256615400314, -0.06912916898727417, -0.03752028942108154, -0.034951891750097275, 0.014924333430826664, -0.04403599724173546, 0.021075334399938583, 0.02585015259683132, -0.07788535207509995, 0.039753250777721405, -0.000000014115153490479315, -0.010931824333965778, -0.007765720132738352, -0.0002251614205306396, -0.06744883209466934, -0.04134288430213928, -0.10417668521404266, 0.04182320088148117, -0.011876587755978107, 0.021721435710787773, -0.06397169828414917, 0.010437654331326485, -0.019784826785326004, 0.026221057400107384, 0.007625922095030546, -0.0719035416841507, -0.02625424601137638, 0.05638290196657181, 0.04731908440589905, -0.03141573816537857, -0.04291820898652077, 0.05011695623397827, -0.08562581986188889, 0.08747497946023941, -0.04490155354142189, -0.03252468630671501, 0.04409458860754967, 0.055585481226444244, -0.01584560051560402, 0.07076237350702286, 0.014027309603989124, 0.013198272325098515, -0.04956664890050888, 0.04639112576842308, 0.02261524461209774, -0.090647391974926, -0.03865794837474823, -0.05259723216295242, -0.010355998761951923, 0.009617122821509838, 0.08562255650758743, -0.022800814360380173, 0.0830678641796112, 0.015259954147040844, -0.012826912105083466, 0.07891721278429031, 0.022293919697403908, 0.12916983664035797, 0.030382387340068817, -0.11199098080396652, 0.003843916580080986, -0.04343213513493538, -0.026736965402960777, -0.017741777002811432, 0.022857772186398506, -0.029407676309347153, -0.001480432809330523, 0.0768878310918808, 0.02914145402610302, 0.06199503317475319, 0.05614108592271805, -0.00983786303550005, -0.05524174124002457, -0.08419223874807358, 0.009558252058923244]	1
2	[-0.0006121767801232636, 0.03378615155816078, 0.07820165157318115, -0.01868407242000103, 0.027666861191391945, 0.037299901247024536, -0.0379287526011467, -0.13516861200332642, 0.09317068010568619, -0.05692529305815697, -0.02805480733513832, 0.05940989777445793, 0.016434121876955032, -0.09860781580209732, 0.034771692007780075, 0.0551871731877327, 0.0631992518901825, 0.03796255961060524, 0.021527186036109924, 0.07148917764425278, -0.05785144492983818, 0.022896697744727135, -0.01447659358382225, 0.06514383852481842, -0.05873488262295723, 0.0424068383872509, 0.03552009537816048, 0.03363680839538574, -0.0012159461621195078, -0.04806239530444145, 0.08236517012119293, 0.04418065398931503, 0.016725629568099976, 0.003581397235393524, -0.0561516210436821, -0.022065259516239166, -0.04673238843679428, -0.04102909564971924, 0.03822347894310951, 0.06205672398209572, 0.012136020697653294, -0.052585747092962265, 0.0378878228366375, -0.01516350731253624, -0.02176228165626526, 0.0038071037270128727, 0.04373597726225853, -0.05433003231883049, -0.010240157134830952, -0.03635508567094803, 0.023985670879483223, 0.028079379349946976, -0.0774943009018898, -0.07410702854394913, -0.05882051959633827, 0.040444422513246536, -0.026460500434041023, -0.00875462032854557, 0.006037434097379446, -0.010277414694428444, -0.03629423305392265, 0.12343306839466095, 0.04743024334311485, 0.005562666337937117, -0.01640656776726246, 0.00843263790011406, -0.006012602709233761, 0.07559477537870407, -0.0003339518734719604, -0.03586713969707489, -0.046196769922971725, -0.010746799409389496, -0.015200803987681866, 0.07834358513355255, -0.0037434843834489584, 0.06452187150716782, -0.05253864452242851, -0.02125389315187931, -0.11636262387037277, -0.033238090574741364, -0.047247398644685745, 0.004995752591639757, 0.00009833657531999052, -0.01991076022386551, -0.019633041694760323, 0.02392519824206829, -0.025438718497753143, 0.05712001770734787, -0.000625104526989162, -0.03855137154459953, -0.04249662533402443, -0.04177003353834152, -0.07130848616361618, -0.004381460603326559, 0.008652555756270885, 0.09893251955509186, -0.011624343693256378, -0.06490505486726761, -0.012063583359122276, -0.04889708384871483, -0.02749602496623993, 0.04614550247788429, -0.03115888312458992, -0.008097726851701736, -0.006101413629949093, 0.02460220269858837, 0.038289785385131836, -0.039367422461509705, 0.007631257642060518, -0.11158895492553711, -0.01036051381379366, -0.08172596991062164, 0.04322535917162895, -0.0022809484507888556, -0.05956343188881874, -0.021585380658507347, -0.027014262974262238, 0.0013726996257901192, 0.03980196639895439, 0.06813529133796692, 0.005295244045555592, 0.02282598987221718, -0.0070186797529459, 0.004369338043034077, -0.07602274417877197, -0.029234329238533974, -0.05494837462902069, -0.0000000000000000000000000000000012844912379828187, -0.005166397430002689, -0.017999880015850067, -0.004101308528333902, 0.04739348217844963, 0.1081668958067894, 0.024283647537231445, -0.03697270154953003, -0.08089059591293335, -0.037067804485559464, -0.0038951048627495766, 0.013706263154745102, 0.019323788583278656, -0.013609470799565315, 0.07951764762401581, -0.05874374136328697, -0.000051068909669993445, -0.000984008307568729, 0.10757678747177124, 0.008829238824546337, -0.03460875153541565, -0.027203263714909554, 0.06930404156446457, -0.014373980462551117, -0.021190540865063667, -0.07552170753479004, 0.009766031056642532, 0.0029612844809889793, 0.08797086030244827, 0.04866310581564903, -0.0028023063205182552, 0.013210492208600044, -0.03413889929652214, 0.06874245405197144, -0.07055430859327316, -0.0499768890440464, 0.034157391637563705, -0.040376029908657074, -0.03730403631925583, 0.02040695771574974, 0.09585542976856232, -0.027576573193073273, 0.013605241663753986, -0.0023721230681985617, 0.08248090744018555, -0.08759679645299911, 0.0750831589102745, 0.0688496083021164, 0.06235944479703903, 0.10263089835643768, -0.06315303593873978, -0.05531417578458786, -0.10389567911624908, -0.01925223134458065, 0.03877249360084534, -0.017503058537840843, -0.06344742327928543, -0.008211194537580013, 0.011402072384953499, 0.062042009085416794, -0.06816083937883377, -0.041049860417842865, 0.0072172763757407665, -0.0007597967050969601, -0.10585524141788483, 0.11068037152290344, 0.0010852146660909057, 0.00019067128596361727, 0.04086107388138771, -0.005838451441377401, -0.05030065402388573, 0.0009671138250268996, 0.036230314522981644, 0.06318957358598709, -0.01788732409477234, 0.021258274093270302, -0.010928468778729439, 0.04104846343398094, -0.017663881182670593, 0.08479633927345276, 0.02535204216837883, -0.06107361987233162, 0.073969267308712, 0.009900188073515892, 0.04785578325390816, 0.058811698108911514, -0.02961297519505024, -0.0017636445118114352, 0.10861123353242874, -0.13889238238334656, -0.007388158701360226, -0.006031964439898729, -0.01957816071808338, 0.040814805775880814, -0.08758357167243958, -0.03550615534186363, -0.0000000000000000000000000000000004719199313883658, 0.008836916647851467, -0.02179035358130932, -0.01833520457148552, 0.10567167401313782, 0.12834292650222778, 0.02848457358777523, -0.012685160152614117, -0.025853682309389114, -0.02579866349697113, 0.06497365236282349, 0.05406273901462555, -0.03494945913553238, 0.036660660058259964, -0.03987158462405205, -0.02670782431960106, -0.09098514914512634, 0.0569242388010025, 0.05825911834836006, 0.05620535463094711, 0.07615498453378677, -0.08325039595365524, 0.03489186614751816, -0.042914681136608124, -0.01975845918059349, -0.09652265161275864, 0.03150220587849617, -0.021611053496599197, -0.00928486231714487, -0.07638224959373474, -0.0559818297624588, -0.002478423761203885, -0.013295064680278301, -0.09520994126796722, -0.010706164874136448, 0.06439261883497238, 0.04825853183865547, -0.09593809396028519, -0.051105376332998276, -0.05174952745437622, 0.03110661543905735, -0.00625230697914958, -0.09937010705471039, 0.012425626628100872, 0.0011748134857043624, 0.08419036120176315, -0.09233266860246658, -0.0707206279039383, -0.05310527980327606, 0.11248132586479187, 0.07357271760702133, -0.008617674931883812, 0.04330488294363022, -0.044909246265888214, -0.020731065422296524, -0.0028514645528048277, -0.0851195678114891, -0.025045005604624748, 0.08650954067707062, 0.060841090977191925, 0.07623524963855743, -0.026309635490179062, 0.031334783881902695, 0.0058013517409563065, 0.03276188671588898, -0.03308232128620148, 0.10362298786640167, -0.03973569720983505, 0.04768224433064461, -0.004113443195819855, 0.08923433721065521, 0.05248916894197464, 0.008999539539217949, -0.028192173689603806, 0.11455287784337997, 0.07048649340867996, -0.07470506429672241, 0.09989593923091888, -0.04656917229294777, -0.01581411063671112, 0.04006974771618843, -0.09606609493494034, -0.03935043886303902, -0.06721017509698868, 0.03113461099565029, -0.018935495987534523, -0.07054009288549423, -0.07748012989759445, 0.01222491730004549, -0.005263751372694969, -0.030454780906438828, -0.053067468106746674, 0.005648206453770399, 0.04822264239192009, 0.01154182106256485, 0.10207425057888031, -0.00000001731089938061814, -0.052901916205883026, -0.021598907187581062, 0.041217077523469925, 0.053904157131910324, -0.014047970995306969, -0.044618017971515656, 0.06812016665935516, -0.09089180827140808, -0.08185917884111404, -0.00014016954810358584, 0.0046875509433448315, -0.07605656236410141, -0.0014543570578098297, 0.040149834007024765, -0.0020580494310706854, -0.0007424996001645923, -0.0038689072243869305, -0.007059161085635424, 0.02008950151503086, -0.07948528975248337, 0.06113132834434509, 0.004059452097862959, 0.032602302730083466, -0.07494673132896423, 0.05357120558619499, 0.03920452296733856, 0.06779120862483978, -0.030813727527856827, -0.020074142143130302, 0.018149640411138535, 0.06718472391366959, -0.06057246774435043, 0.030402563512325287, 0.0030989532824605703, -0.05700572952628136, -0.037799034267663956, -0.06066397950053215, -0.006107963155955076, 0.03145238757133484, 0.010225696489214897, -0.0017462230753153563, 0.02318730391561985, 0.008024643175303936, -0.033986642956733704, 0.03214862942695618, -0.042289216071367264, 0.09906072169542313, -0.01759389229118824, -0.07167941331863403, 0.039957594126462936, 0.026593824848532677, -0.005087732803076506, 0.02317110449075699, 0.023614440113306046, 0.023592760786414146, -0.023077741265296936, 0.008236875757575035, 0.07096148282289505, 0.06215406209230423, -0.04638567566871643, -0.028258921578526497, 0.037905752658843994, -0.014034166000783443, -0.03331879898905754]	4
3	[0.0651647299528122, 0.04753383621573448, 0.013120120391249657, 0.054126497358083725, 0.05817253142595291, 0.014816361479461193, -0.07318001985549927, -0.04980165883898735, 0.042598046362400055, 0.10564137250185013, -0.02088494785130024, -0.010931571014225483, -0.07173951715230942, -0.010974287986755371, 0.0254996195435524, 0.07027661800384521, -0.02507704310119152, -0.024800561368465424, -0.014655829407274723, 0.033735956996679306, -0.037847649306058884, 0.025639250874519348, -0.036771584302186966, 0.08600052446126938, -0.009228724986314774, -0.09441622346639633, -0.09653642028570175, 0.07384467124938965, -0.013195117935538292, -0.005481904838234186, 0.03005971759557724, 0.031416043639183044, 0.03968985006213188, 0.1104007139801979, -0.10258442163467407, -0.027606256306171417, 0.020569026470184326, -0.05615173652768135, 0.07242642343044281, 0.024712787941098213, -0.05144968628883362, 0.02754133567214012, 0.013193047605454922, 0.011938320472836494, -0.06848964095115662, -0.01725251041352749, -0.019042357802391052, 0.02234053984284401, 0.024662300944328308, 0.005209871102124453, -0.015014602802693844, -0.0435066856443882, -0.08710625767707825, -0.04221152141690254, -0.0031909628305584192, 0.044661734253168106, -0.02578774094581604, -0.10269514471292496, 0.07608778029680252, 0.03595934063196182, 0.07786531746387482, 0.05391712114214897, -0.050399381667375565, 0.006655761040747166, -0.005257259588688612, -0.039374783635139465, -0.025993015617132187, 0.05974588170647621, 0.04286448284983635, -0.08110795170068741, 0.007202796638011932, -0.02694571763277054, -0.02229362353682518, -0.05856223404407501, -0.030848070979118347, -0.0013191815232858062, -0.056952692568302155, 0.017127564176917076, -0.051662515848875046, -0.09810799360275269, -0.06878478825092316, -0.02155236154794693, 0.027426008135080338, -0.029550064355134964, -0.0345800556242466, 0.028024638071656227, -0.0667114108800888, 0.10104947537183762, -0.038691502064466476, -0.069961778819561, -0.09174932539463043, -0.06100664660334587, -0.05571218580007553, 0.016303226351737976, -0.07948453724384308, 0.08707138150930405, 0.03583933413028717, -0.05781538411974907, 0.005037814844399691, 0.03607860207557678, 0.027785345911979675, 0.035519085824489594, -0.0043420493602752686, -0.046721331775188446, -0.00972685869783163, 0.03702177479863167, -0.10947225242853165, 0.018077632412314415, 0.01070309430360794, -0.041398126631975174, -0.036705538630485535, 0.030637983232736588, 0.011309351772069931, 0.10749545693397522, -0.007642868906259537, 0.014047610573470592, 0.04523097723722458, -0.028823111206293106, 0.01162071991711855, 0.04028797149658203, -0.003155250335112214, -0.00578604731708765, -0.04665849357843399, -0.005664113909006119, -0.00030256735044531524, -0.08802445232868195, 0.11933349817991257, -0.0000000000000000000000000000000025757375277210346, 0.05666171386837959, -0.03412202373147011, 0.003941963892430067, 0.07789178937673569, 0.1355096846818924, -0.008231312036514282, -0.05130276456475258, -0.078264519572258, -0.05120832845568657, 0.023062586784362793, -0.0530795156955719, -0.0342639721930027, -0.019370950758457184, -0.11000169068574905, -0.002942982129752636, 0.01884680986404419, -0.029775340110063553, 0.013511382974684238, -0.029514988884329796, 0.05572457239031792, -0.05067409947514534, 0.08049851655960083, -0.08760982751846313, 0.0711449459195137, 0.007767926435917616, 0.03464435413479805, 0.04420255869626999, 0.06977806985378265, 0.08201058954000473, 0.00012796165538020432, 0.015007507055997849, -0.011672028340399265, -0.014467970468103886, -0.03530162200331688, 0.026983825489878654, -0.036071982234716415, 0.0067040822468698025, -0.07687213271856308, 0.011623320169746876, 0.042139098048210144, -0.020386744290590286, 0.001200166530907154, -0.046768609434366226, 0.02510007657110691, -0.026410754770040512, 0.09005814045667648, 0.09262172132730484, 0.11022447049617767, 0.09762013703584671, 0.03525383397936821, -0.07700275629758835, -0.00752399442717433, 0.023464711382985115, 0.059960197657346725, -0.028589896857738495, 0.030542004853487015, 0.06396448612213135, -0.059333786368370056, 0.033559009432792664, 0.013227867893874645, 0.05618063360452652, -0.03404901549220085, -0.015678616240620613, -0.029217157512903214, 0.019741734489798546, -0.03821630775928497, 0.028137141838669777, -0.05819417163729668, 0.0696001797914505, -0.05372350290417671, -0.02496151626110077, 0.06029920652508736, -0.013225040398538113, -0.021920545026659966, 0.015628768131136894, 0.0029553002677857876, -0.002806661883369088, 0.023688528686761856, -0.026555590331554413, 0.07430796325206757, -0.05060642212629318, 0.11135324835777283, 0.008328917436301708, 0.04136045649647713, 0.05448129400610924, -0.09226173162460327, -0.024502094835042953, 0.05776137486100197, -0.09995786100625992, 0.04755828529596329, -0.027873678132891655, 0.10740300267934799, 0.05060097947716713, -0.059657737612724304, 0.09683328121900558, 0.0000000000000000000000000000000007060291363284767, 0.004054918419569731, -0.07163557410240173, 0.029771413654088974, 0.06357447803020477, 0.0440329872071743, 0.055908311158418655, -0.0534248948097229, -0.047041524201631546, 0.013055607676506042, -0.03804214671254158, -0.019825132563710213, 0.04995611310005188, 0.11817234754562378, 0.009520240128040314, -0.03578709810972214, -0.10731877386569977, 0.06732642650604248, 0.03157005086541176, 0.05461129546165466, 0.03653154522180557, 0.08167888224124908, 0.023094473406672478, -0.03258056193590164, -0.05516456812620163, -0.033384647220373154, 0.00308310822583735, -0.055581871420145035, 0.023061329498887062, -0.10891072452068329, -0.0534084290266037, 0.024834750220179558, -0.07518238574266434, -0.007736974395811558, -0.08275488018989563, -0.0017385982209816575, -0.07197033613920212, -0.02269919216632843, -0.06265878677368164, -0.04259854182600975, 0.025708826258778572, 0.008886703290045261, 0.002730000764131546, -0.04579118639230728, 0.04807918146252632, -0.02660669945180416, -0.08197614550590515, -0.06219964846968651, 0.005476776510477066, 0.04788330942392349, 0.035000305622816086, -0.01784527115523815, 0.004629172850400209, -0.034761182963848114, -0.03431152552366257, 0.04281153902411461, -0.020345984026789665, 0.012354983016848564, 0.04217493534088135, 0.055668335407972336, 0.054738711565732956, -0.0739426463842392, 0.07159638404846191, -0.08003919571638107, -0.0022074058651924133, 0.01570340059697628, 0.026580289006233215, 0.00660340441390872, 0.041144199669361115, -0.009532800875604153, 0.025005079805850983, -0.008766372688114643, -0.003063992829993367, -0.025122255086898804, 0.08813636004924774, 0.07297708839178085, 0.009540230967104435, 0.09614615887403488, -0.06046309694647789, 0.07038923352956772, 0.004518459085375071, -0.04354177042841911, 0.050739772617816925, -0.0009117492591030896, 0.06604626029729843, -0.01134153176099062, 0.01701255701482296, -0.006290915422141552, -0.002108887303620577, -0.01304534450173378, 0.005037559662014246, -0.01228527631610632, 0.04144696518778801, 0.05960764363408089, -0.06749614328145981, 0.042128127068281174, -0.000000014877419296510652, -0.05412595719099045, 0.06937462091445923, -0.08421626687049866, -0.11227823793888092, -0.018377242609858513, -0.003259785706177354, 0.12192197144031525, 0.022170819342136383, -0.08587886393070221, 0.02536984533071518, -0.034510403871536255, 0.053532324731349945, 0.03589166700839996, 0.06143129616975784, -0.019732210785150528, -0.07408274710178375, 0.08416011929512024, -0.07003557682037354, -0.022104965522885323, -0.010661393404006958, 0.06311631947755814, -0.04164133220911026, 0.06366792321205139, -0.005040106829255819, -0.005402112379670143, 0.010949229821562767, 0.07031025737524033, -0.0019454212160781026, 0.035617101937532425, 0.06195763498544693, -0.04314887151122093, 0.030335327610373497, -0.013877973891794682, 0.04286773502826691, -0.052334994077682495, -0.007797800470143557, -0.05997656658291817, 0.07837873697280884, 0.0019081276841461658, -0.011036855168640614, 0.047605209052562714, -0.053668081760406494, -0.013221214525401592, -0.020286474376916885, 0.027801839634776115, 0.038264837116003036, 0.05439511686563492, 0.03757249191403389, -0.0424870103597641, -0.033774830400943756, -0.04361371695995331, -0.035438172519207, -0.04071364924311638, -0.020362023264169693, -0.05443359166383743, -0.07504025101661682, -0.0008555699023418128, 0.01233616005629301, 0.05103256180882454, -0.022188739851117134, 0.029025550931692123, -0.06495585292577744, -0.086277537047863, -0.018613222986459732]	7
\.


--
-- Data for Name: Users_customuser; Type: TABLE DATA; Schema: public; Owner: postgres
--

COPY public."Users_customuser" (id, password, last_login, email, full_name, role, is_active, is_staff, is_superuser, created_at, phone, certificate, wants_to_be_staff, is_verified, status, business_name, specialty) FROM stdin;
24	pbkdf2_sha256$1200000$jmknraYLkoFb1CmrI2pqEA$yArai9I88J9bJQ2EcNwS6bJDxmKtE0euOj7inqh3Rbw=	\N	abyshaji318@gmail.com	Aby Shaji	USER	t	f	f	2026-02-26 11:56:47.944683+05:30	1234567890		f	t	PENDING	\N	\N
25	pbkdf2_sha256$1200000$uqDVT6Sn4nPM0vDUbcbAbK$IK5SATP084tBXYLtty7eCDjvR+QMuxsNPcA4KyNrApg=	\N	vithulrajas@gmail.com	Vithul Raj	USER	t	f	f	2026-02-26 12:43:35.681723+05:30	1234567890		f	t	PENDING	\N	\N
26	pbkdf2_sha256$1200000$R7CHNGaksmqJDgYG3VKGrV$2qtOBYdcNj+cljnit0nVF5qb7ay6teunfwW/Rc2/Txg=	\N	as@gmail.com	az	USER	t	f	f	2026-02-26 13:42:26.051258+05:30	1234567890		f	t	PENDING	\N	\N
36	pbkdf2_sha256$1200000$unxFEqmiPwSBlf3GofwSCP$Vk3bw5rwH9LiV8dh5coyWb1yfzZt7P48bba299+mP9Y=	\N	gopal@gmail.com	gopal	USER	t	f	f	2026-03-02 15:48:16.185244+05:30	12345678	\N	f	t	PENDING	\N	\N
38	pbkdf2_sha256$1200000$4ZZuC2gypjUGm70Qk9fwRD$2wtnOuSmxyP9XiUqVLlxhGeIfkcTH85dbQIICZrSYOE=	\N	vendor1@gmail.com	vendor	USER	t	f	f	2026-03-03 14:20:18.132326+05:30	123445678	image/upload/v1772527825/omj2qdo6hvkuh1ise4qs.png	t	t	PENDING	\N	\N
32	pbkdf2_sha256$1200000$i4xb5JgA7AtgkSetXDcG0h$ncTvAs3pRuKwngV+7PNfoltn6tJQwTlaqkLjmvhYGFs=	\N	ui@gmail.com	heyyshim kunjikka	VENDOR	t	t	f	2026-03-02 12:16:43.104806+05:30	9876543211	\N	f	t	APPROVED	\N	\N
39	pbkdf2_sha256$1200000$lHeEjaoa2khT0cldvamP5W$67Y0OICTw034boko9AuXsfapru2VjN+sJtPYqEBHvOw=	\N	midhushaksuresh@gmail.com	midhusha	USER	t	f	f	2026-03-03 17:07:25.142736+05:30	123456778	\N	f	t	PENDING	\N	\N
37	pbkdf2_sha256$1200000$vQWHM0pEnyCKJtIl65sOCH$48ZEBGohVbseSSwme7XREnAr3vKFIem3cx2VckJQAck=	\N	vendor@gmail.com	vendor	VENDOR	t	t	f	2026-03-03 14:18:45.49632+05:30	123445678	image/upload/v1772527735/jaa5a2tqu7sobwerkekp.png	f	t	APPROVED	\N	\N
27	pbkdf2_sha256$1200000$Ii6lUrL2wDisMLMmWT911X$rE5j5KH16dO/+k6AIcI3K5OA3NnWWlruABsY9TukQ9U=	\N	a@gmail.com	asif	USER	t	t	f	2026-02-27 10:05:53.566148+05:30	12345678	certificates/neelan.jpeg	f	t	APPROVED	\N	\N
40	pbkdf2_sha256$1200000$7Hv0BoZegYl3VM0DQT3Alq$2du4Ypq6VOaIGeU+C2+KynG6WuxoU9uQx/DtREUTCL8=	\N	client@gmail.com	client	USER	t	f	f	2026-03-06 12:28:25.017979+05:30	123654789	\N	f	t	PENDING	\N	\N
29	pbkdf2_sha256$1200000$1DpoXhXJIHa0ZvBsF8Fb5b$AyibgLu21n+7T6s2m3JJl8yMlg6e0+o7Aljd9x9H33Q=	2026-02-27 10:47:36+05:30	lovara@gmail.com	lovara	ADMIN	t	t	t	2026-02-27 10:44:31.409482+05:30	1234567890		f	t	APPROVED	\N	\N
33	pbkdf2_sha256$1200000$UEpcpmSD36ZStetcDHN0bi$oEgTrTDl0UFiNz0b6d9REgV6waHgDC2RanEG/egEL8U=	\N	hashimsignup@gmail.com	Hashim	VENDOR	t	t	f	2026-03-02 13:44:52.587874+05:30	12345678	certificates/neelan_T4VlxAN.jpeg	f	t	APPROVED	\N	\N
31	pbkdf2_sha256$1200000$vPwyDP68fQ4vkvw62DW4iY$e3UleDxk/RD9TLA6vFWPb5ZXCI36ghYx1GgAhCQyTu0=	\N	jishnu3039@gmail.com	jishnu	VENDOR	t	t	f	2026-03-02 12:13:59.445891+05:30	12345678	certificates/form.PNG	f	t	APPROVED	\N	\N
34	pbkdf2_sha256$1200000$rY5BVlVr9WZpTKUL8td4HK$RL2gYsk/UcFKPBh3rW7BjS3vNrA3UQaJNxqL5b2I6Ac=	\N	ven@gmail.com	ven	USER	t	f	f	2026-03-02 15:10:17.461479+05:30	12345678	\N	f	f	PENDING	\N	\N
35	pbkdf2_sha256$1200000$EdHmKpI7geMftBkhtbxRHT$Sw4Ry1VtxpiIcQ8dlZN2sIIOpjFEyhHZ66LHaaAfCUY=	\N	venu@gmail.com	venu	USER	t	f	f	2026-03-02 15:19:46.639805+05:30	12345678	\N	f	f	PENDING	\N	\N
\.


--
-- Data for Name: Users_customuser_groups; Type: TABLE DATA; Schema: public; Owner: postgres
--

COPY public."Users_customuser_groups" (id, customuser_id, group_id) FROM stdin;
\.


--
-- Data for Name: Users_customuser_user_permissions; Type: TABLE DATA; Schema: public; Owner: postgres
--

COPY public."Users_customuser_user_permissions" (id, customuser_id, permission_id) FROM stdin;
1	29	9
\.


--
-- Data for Name: VendorSide_favorites; Type: TABLE DATA; Schema: public; Owner: postgres
--

COPY public."VendorSide_favorites" (id, created_at, user_id, work_id) FROM stdin;
\.


--
-- Data for Name: VendorSide_review; Type: TABLE DATA; Schema: public; Owner: postgres
--

COPY public."VendorSide_review" (id, rating, comment, created_at, user_id, work_id) FROM stdin;
1	5	super	2026-03-06 14:40:45.6041+05:30	40	1
5	3	good good !	2026-03-09 12:38:58.693022+05:30	40	1
6	3	good !!	2026-03-09 20:50:35.208654+05:30	40	1
7	3	gooddd	2026-03-12 10:30:23.405314+05:30	40	4
8	5	good !	2026-04-22 10:11:35.201862+05:30	40	1
\.


--
-- Data for Name: VendorSide_vendorworks; Type: TABLE DATA; Schema: public; Owner: postgres
--

COPY public."VendorSide_vendorworks" (id, title, description, created_at, vendor_id, is_available, latitude, longitude) FROM stdin;
1	Wedding Photography	Luxury wedding shoot	2026-03-06 10:23:48.33238+05:30	31	t	9.9312	76.2673
4	lavender theme wedding	make your wedding as dreamy as  a lavender	2026-03-07 16:06:31.210401+05:30	31	t	9.9312	76.2673
7	Forest wedding	in the middle of forest	2026-04-01 15:24:17.370414+05:30	31	t	9.9312	76.2673
\.


--
-- Data for Name: VendorSide_workimages; Type: TABLE DATA; Schema: public; Owner: postgres
--

COPY public."VendorSide_workimages" (id, image_url, work_id) FROM stdin;
1	image/upload/v1772774680/svs6av77kpynzodwxfnq.avif	4
2	image/upload/v1772774996/l1h5u6gqyfreyb9aj9sc.avif	4
3	image/upload/v1773031496/ips0iznms70rxrm7bspg.jpg	1
4	image/upload/v1773031549/slo5swk6pot23c5rt19z.avif	1
8	image/upload/v1775037579/ilzmmbymhsvh6orwhbub.jpg	7
\.


--
-- Data for Name: auth_group; Type: TABLE DATA; Schema: public; Owner: postgres
--

COPY public.auth_group (id, name) FROM stdin;
\.


--
-- Data for Name: auth_group_permissions; Type: TABLE DATA; Schema: public; Owner: postgres
--

COPY public.auth_group_permissions (id, group_id, permission_id) FROM stdin;
\.


--
-- Data for Name: auth_permission; Type: TABLE DATA; Schema: public; Owner: postgres
--

COPY public.auth_permission (id, name, content_type_id, codename) FROM stdin;
1	Can add log entry	1	add_logentry
2	Can change log entry	1	change_logentry
3	Can delete log entry	1	delete_logentry
4	Can view log entry	1	view_logentry
5	Can add permission	3	add_permission
6	Can change permission	3	change_permission
7	Can delete permission	3	delete_permission
8	Can view permission	3	view_permission
9	Can add group	2	add_group
10	Can change group	2	change_group
11	Can delete group	2	delete_group
12	Can view group	2	view_group
13	Can add content type	4	add_contenttype
14	Can change content type	4	change_contenttype
15	Can delete content type	4	delete_contenttype
16	Can view content type	4	view_contenttype
17	Can add session	5	add_session
18	Can change session	5	change_session
19	Can delete session	5	delete_session
20	Can view session	5	view_session
21	Can add custom user	6	add_customuser
22	Can change custom user	6	change_customuser
23	Can delete custom user	6	delete_customuser
24	Can view custom user	6	view_customuser
25	Can add email otp	7	add_emailotp
26	Can change email otp	7	change_emailotp
27	Can delete email otp	7	delete_emailotp
28	Can view email otp	7	view_emailotp
29	Can add vendor works	10	add_vendorworks
30	Can change vendor works	10	change_vendorworks
31	Can delete vendor works	10	delete_vendorworks
32	Can view vendor works	10	view_vendorworks
33	Can add work images	11	add_workimages
34	Can change work images	11	change_workimages
35	Can delete work images	11	delete_workimages
36	Can view work images	11	view_workimages
37	Can add review	9	add_review
38	Can change review	9	change_review
39	Can delete review	9	delete_review
40	Can view review	9	view_review
41	Can add favorites	8	add_favorites
42	Can change favorites	8	change_favorites
43	Can delete favorites	8	delete_favorites
44	Can view favorites	8	view_favorites
45	Can add booking	12	add_booking
46	Can change booking	12	change_booking
47	Can delete booking	12	delete_booking
48	Can view booking	12	view_booking
49	Can add chat room	14	add_chatroom
50	Can change chat room	14	change_chatroom
51	Can delete chat room	14	delete_chatroom
52	Can view chat room	14	view_chatroom
53	Can add chat message	13	add_chatmessage
54	Can change chat message	13	change_chatmessage
55	Can delete chat message	13	delete_chatmessage
56	Can view chat message	13	view_chatmessage
57	Can add vendor embedding	15	add_vendorembedding
58	Can change vendor embedding	15	change_vendorembedding
59	Can delete vendor embedding	15	delete_vendorembedding
60	Can view vendor embedding	15	view_vendorembedding
\.


--
-- Data for Name: chat_chatmessage; Type: TABLE DATA; Schema: public; Owner: postgres
--

COPY public.chat_chatmessage (id, message, "timestamp", sender_id, room_id) FROM stdin;
1	hi	2026-03-12 10:05:08.097244+05:30	31	1
2	hi	2026-03-12 10:05:17.435932+05:30	40	1
3	howare u?	2026-03-12 10:05:34.699852+05:30	40	1
4	good!	2026-03-12 10:05:41.183991+05:30	31	1
5	hello	2026-03-12 10:32:34.34321+05:30	40	1
6	hello	2026-03-12 10:32:43.56883+05:30	31	1
7	hi	2026-03-12 11:48:26.01667+05:30	40	1
8	ho	2026-03-12 11:48:30.619604+05:30	31	1
9	hello	2026-03-12 17:27:52.250293+05:30	40	1
10	hi	2026-03-12 17:27:59.130937+05:30	31	1
11	hi	2026-04-02 17:01:45.659451+05:30	40	1
12	hello !!	2026-04-21 12:23:27.306777+05:30	40	1
13	yes !!	2026-04-21 12:23:32.182738+05:30	31	1
14	hello	2026-04-22 10:42:38.207929+05:30	40	1
15	hello	2026-04-22 15:39:08.803309+05:30	40	1
16	hii	2026-04-22 15:39:12.250992+05:30	31	1
\.


--
-- Data for Name: chat_chatroom; Type: TABLE DATA; Schema: public; Owner: postgres
--

COPY public.chat_chatroom (id, created_at, user_id, vendor_id) FROM stdin;
1	2026-03-11 10:45:51.463436+05:30	40	31
\.


--
-- Data for Name: django_admin_log; Type: TABLE DATA; Schema: public; Owner: postgres
--

COPY public.django_admin_log (id, action_time, object_id, object_repr, action_flag, change_message, content_type_id, user_id) FROM stdin;
1	2026-02-27 14:07:58.149491+05:30	29	lovara@gmail.com - lovara	2	[{"changed": {"fields": ["User permissions", "Wants to be staff", "Is verified"]}}]	6	29
\.


--
-- Data for Name: django_content_type; Type: TABLE DATA; Schema: public; Owner: postgres
--

COPY public.django_content_type (id, app_label, model) FROM stdin;
1	admin	logentry
2	auth	group
3	auth	permission
4	contenttypes	contenttype
5	sessions	session
6	Users	customuser
7	verificaton	emailotp
8	VendorSide	favorites
9	VendorSide	review
10	VendorSide	vendorworks
11	VendorSide	workimages
12	Booking	booking
13	chat	chatmessage
14	chat	chatroom
15	Rag_ai	vendorembedding
\.


--
-- Data for Name: django_migrations; Type: TABLE DATA; Schema: public; Owner: postgres
--

COPY public.django_migrations (id, app, name, applied) FROM stdin;
1	contenttypes	0001_initial	2026-02-19 12:02:20.705278+05:30
2	contenttypes	0002_remove_content_type_name	2026-02-19 12:02:20.721579+05:30
3	auth	0001_initial	2026-02-19 12:02:20.798097+05:30
4	auth	0002_alter_permission_name_max_length	2026-02-19 12:02:20.803851+05:30
5	auth	0003_alter_user_email_max_length	2026-02-19 12:02:20.809255+05:30
6	auth	0004_alter_user_username_opts	2026-02-19 12:02:20.816757+05:30
7	auth	0005_alter_user_last_login_null	2026-02-19 12:02:20.824693+05:30
8	auth	0006_require_contenttypes_0002	2026-02-19 12:02:20.827267+05:30
9	auth	0007_alter_validators_add_error_messages	2026-02-19 12:02:20.832889+05:30
10	auth	0008_alter_user_username_max_length	2026-02-19 12:02:20.83825+05:30
11	auth	0009_alter_user_last_name_max_length	2026-02-19 12:02:20.845706+05:30
12	auth	0010_alter_group_name_max_length	2026-02-19 12:02:20.855522+05:30
13	auth	0011_update_proxy_permissions	2026-02-19 12:02:20.861438+05:30
14	auth	0012_alter_user_first_name_max_length	2026-02-19 12:02:20.868347+05:30
15	Users	0001_initial	2026-02-19 12:02:20.924155+05:30
16	admin	0001_initial	2026-02-19 12:02:20.952643+05:30
17	admin	0002_logentry_remove_auto_add	2026-02-19 12:02:20.960602+05:30
18	admin	0003_logentry_add_action_flag_choices	2026-02-19 12:02:20.968457+05:30
19	sessions	0001_initial	2026-02-19 12:02:20.983794+05:30
20	Users	0002_customuser_phone	2026-02-20 10:30:39.245825+05:30
21	Users	0003_alter_customuser_phone	2026-02-20 10:46:01.797802+05:30
22	Users	0004_customuser_certificate_customuser_status_and_more	2026-02-20 11:13:07.599405+05:30
23	Users	0005_remove_customuser_status_and_more	2026-02-20 12:34:09.8242+05:30
24	Users	0006_customuser_is_verified	2026-02-23 10:22:32.27246+05:30
25	verificaton	0001_initial	2026-02-23 10:22:32.405024+05:30
26	verificaton	0002_remove_emailotp_user_emailotp_email	2026-02-23 16:59:35.199688+05:30
27	verificaton	0002_delete_emailotp	2026-02-25 11:05:07.147821+05:30
28	Users	0007_customuser_status	2026-02-26 10:29:59.130119+05:30
29	Users	0008_customuser_business_name_customuser_specialty	2026-02-27 09:46:26.336429+05:30
30	Users	0009_alter_customuser_certificate	2026-03-02 15:06:50.54283+05:30
31	Users	0010_alter_customuser_certificate	2026-03-05 16:07:07.290976+05:30
32	VendorSide	0001_initial	2026-03-05 16:07:07.929182+05:30
33	VendorSide	0002_alter_review_unique_together_and_more	2026-03-07 11:52:13.607502+05:30
34	Booking	0001_initial	2026-03-07 11:52:13.67447+05:30
35	VendorSide	0003_rename_id_available_vendorworks_is_available	2026-03-07 15:51:26.261868+05:30
36	chat	0001_initial	2026-03-10 12:05:33.315447+05:30
37	VendorSide	0004_vendorworks_latitude_vendorworks_longitude	2026-04-01 14:22:50.378927+05:30
38	VendorSide	0005_alter_vendorworks_latitude_and_more	2026-04-01 15:49:37.024679+05:30
39	Rag_ai	0001_initial	2026-04-13 10:10:45.76143+05:30
\.


--
-- Data for Name: django_session; Type: TABLE DATA; Schema: public; Owner: postgres
--

COPY public.django_session (session_key, session_data, expire_date) FROM stdin;
62uslpt4og8rtqcj908p2g6bc9t7wgrp	.eJxVjMsOwiAQRf-FtSEMtTxcuu83EGYGpGogKe3K-O_apAvd3nPOfYkQt7WEraclzCwuQntx-h0x0iPVnfA91luT1Oq6zCh3RR60y6lxel4P9--gxF6-NbJ2o42jYwZPAwCQT9ozG8RBW8DsMqhMLpOxBs-QEqjBo1faMCkn3h8XBTg7:1vvqEK:ec5b806xj9vv-YVjJnXUyBnzSnhMDfK67hmO-ZXQp1Y	2026-03-13 10:47:36.760145+05:30
\.


--
-- Name: Booking_booking_id_seq; Type: SEQUENCE SET; Schema: public; Owner: postgres
--

SELECT pg_catalog.setval('public."Booking_booking_id_seq"', 98, true);


--
-- Name: Rag_ai_vendorembedding_id_seq; Type: SEQUENCE SET; Schema: public; Owner: postgres
--

SELECT pg_catalog.setval('public."Rag_ai_vendorembedding_id_seq"', 3, true);


--
-- Name: Users_customuser_groups_id_seq; Type: SEQUENCE SET; Schema: public; Owner: postgres
--

SELECT pg_catalog.setval('public."Users_customuser_groups_id_seq"', 1, false);


--
-- Name: Users_customuser_id_seq; Type: SEQUENCE SET; Schema: public; Owner: postgres
--

SELECT pg_catalog.setval('public."Users_customuser_id_seq"', 40, true);


--
-- Name: Users_customuser_user_permissions_id_seq; Type: SEQUENCE SET; Schema: public; Owner: postgres
--

SELECT pg_catalog.setval('public."Users_customuser_user_permissions_id_seq"', 1, true);


--
-- Name: VendorSide_favorites_id_seq; Type: SEQUENCE SET; Schema: public; Owner: postgres
--

SELECT pg_catalog.setval('public."VendorSide_favorites_id_seq"', 5, true);


--
-- Name: VendorSide_review_id_seq; Type: SEQUENCE SET; Schema: public; Owner: postgres
--

SELECT pg_catalog.setval('public."VendorSide_review_id_seq"', 8, true);


--
-- Name: VendorSide_vendorworks_id_seq; Type: SEQUENCE SET; Schema: public; Owner: postgres
--

SELECT pg_catalog.setval('public."VendorSide_vendorworks_id_seq"', 8, true);


--
-- Name: VendorSide_workimages_id_seq; Type: SEQUENCE SET; Schema: public; Owner: postgres
--

SELECT pg_catalog.setval('public."VendorSide_workimages_id_seq"', 8, true);


--
-- Name: auth_group_id_seq; Type: SEQUENCE SET; Schema: public; Owner: postgres
--

SELECT pg_catalog.setval('public.auth_group_id_seq', 1, false);


--
-- Name: auth_group_permissions_id_seq; Type: SEQUENCE SET; Schema: public; Owner: postgres
--

SELECT pg_catalog.setval('public.auth_group_permissions_id_seq', 1, false);


--
-- Name: auth_permission_id_seq; Type: SEQUENCE SET; Schema: public; Owner: postgres
--

SELECT pg_catalog.setval('public.auth_permission_id_seq', 60, true);


--
-- Name: chat_chatmessage_id_seq; Type: SEQUENCE SET; Schema: public; Owner: postgres
--

SELECT pg_catalog.setval('public.chat_chatmessage_id_seq', 16, true);


--
-- Name: chat_chatroom_id_seq; Type: SEQUENCE SET; Schema: public; Owner: postgres
--

SELECT pg_catalog.setval('public.chat_chatroom_id_seq', 1, true);


--
-- Name: django_admin_log_id_seq; Type: SEQUENCE SET; Schema: public; Owner: postgres
--

SELECT pg_catalog.setval('public.django_admin_log_id_seq', 1, true);


--
-- Name: django_content_type_id_seq; Type: SEQUENCE SET; Schema: public; Owner: postgres
--

SELECT pg_catalog.setval('public.django_content_type_id_seq', 15, true);


--
-- Name: django_migrations_id_seq; Type: SEQUENCE SET; Schema: public; Owner: postgres
--

SELECT pg_catalog.setval('public.django_migrations_id_seq', 39, true);


--
-- Name: Booking_booking Booking_booking_pkey; Type: CONSTRAINT; Schema: public; Owner: postgres
--

ALTER TABLE ONLY public."Booking_booking"
    ADD CONSTRAINT "Booking_booking_pkey" PRIMARY KEY (id);


--
-- Name: Rag_ai_vendorembedding Rag_ai_vendorembedding_pkey; Type: CONSTRAINT; Schema: public; Owner: postgres
--

ALTER TABLE ONLY public."Rag_ai_vendorembedding"
    ADD CONSTRAINT "Rag_ai_vendorembedding_pkey" PRIMARY KEY (id);


--
-- Name: Rag_ai_vendorembedding Rag_ai_vendorembedding_vendor_work_id_key; Type: CONSTRAINT; Schema: public; Owner: postgres
--

ALTER TABLE ONLY public."Rag_ai_vendorembedding"
    ADD CONSTRAINT "Rag_ai_vendorembedding_vendor_work_id_key" UNIQUE (vendor_work_id);


--
-- Name: Users_customuser Users_customuser_email_key; Type: CONSTRAINT; Schema: public; Owner: postgres
--

ALTER TABLE ONLY public."Users_customuser"
    ADD CONSTRAINT "Users_customuser_email_key" UNIQUE (email);


--
-- Name: Users_customuser_groups Users_customuser_groups_customuser_id_group_id_5ac5fb62_uniq; Type: CONSTRAINT; Schema: public; Owner: postgres
--

ALTER TABLE ONLY public."Users_customuser_groups"
    ADD CONSTRAINT "Users_customuser_groups_customuser_id_group_id_5ac5fb62_uniq" UNIQUE (customuser_id, group_id);


--
-- Name: Users_customuser_groups Users_customuser_groups_pkey; Type: CONSTRAINT; Schema: public; Owner: postgres
--

ALTER TABLE ONLY public."Users_customuser_groups"
    ADD CONSTRAINT "Users_customuser_groups_pkey" PRIMARY KEY (id);


--
-- Name: Users_customuser Users_customuser_pkey; Type: CONSTRAINT; Schema: public; Owner: postgres
--

ALTER TABLE ONLY public."Users_customuser"
    ADD CONSTRAINT "Users_customuser_pkey" PRIMARY KEY (id);


--
-- Name: Users_customuser_user_permissions Users_customuser_user_pe_customuser_id_permission_12209533_uniq; Type: CONSTRAINT; Schema: public; Owner: postgres
--

ALTER TABLE ONLY public."Users_customuser_user_permissions"
    ADD CONSTRAINT "Users_customuser_user_pe_customuser_id_permission_12209533_uniq" UNIQUE (customuser_id, permission_id);


--
-- Name: Users_customuser_user_permissions Users_customuser_user_permissions_pkey; Type: CONSTRAINT; Schema: public; Owner: postgres
--

ALTER TABLE ONLY public."Users_customuser_user_permissions"
    ADD CONSTRAINT "Users_customuser_user_permissions_pkey" PRIMARY KEY (id);


--
-- Name: VendorSide_favorites VendorSide_favorites_pkey; Type: CONSTRAINT; Schema: public; Owner: postgres
--

ALTER TABLE ONLY public."VendorSide_favorites"
    ADD CONSTRAINT "VendorSide_favorites_pkey" PRIMARY KEY (id);


--
-- Name: VendorSide_favorites VendorSide_favorites_user_id_work_id_075b8700_uniq; Type: CONSTRAINT; Schema: public; Owner: postgres
--

ALTER TABLE ONLY public."VendorSide_favorites"
    ADD CONSTRAINT "VendorSide_favorites_user_id_work_id_075b8700_uniq" UNIQUE (user_id, work_id);


--
-- Name: VendorSide_review VendorSide_review_pkey; Type: CONSTRAINT; Schema: public; Owner: postgres
--

ALTER TABLE ONLY public."VendorSide_review"
    ADD CONSTRAINT "VendorSide_review_pkey" PRIMARY KEY (id);


--
-- Name: VendorSide_vendorworks VendorSide_vendorworks_pkey; Type: CONSTRAINT; Schema: public; Owner: postgres
--

ALTER TABLE ONLY public."VendorSide_vendorworks"
    ADD CONSTRAINT "VendorSide_vendorworks_pkey" PRIMARY KEY (id);


--
-- Name: VendorSide_workimages VendorSide_workimages_pkey; Type: CONSTRAINT; Schema: public; Owner: postgres
--

ALTER TABLE ONLY public."VendorSide_workimages"
    ADD CONSTRAINT "VendorSide_workimages_pkey" PRIMARY KEY (id);


--
-- Name: auth_group auth_group_name_key; Type: CONSTRAINT; Schema: public; Owner: postgres
--

ALTER TABLE ONLY public.auth_group
    ADD CONSTRAINT auth_group_name_key UNIQUE (name);


--
-- Name: auth_group_permissions auth_group_permissions_group_id_permission_id_0cd325b0_uniq; Type: CONSTRAINT; Schema: public; Owner: postgres
--

ALTER TABLE ONLY public.auth_group_permissions
    ADD CONSTRAINT auth_group_permissions_group_id_permission_id_0cd325b0_uniq UNIQUE (group_id, permission_id);


--
-- Name: auth_group_permissions auth_group_permissions_pkey; Type: CONSTRAINT; Schema: public; Owner: postgres
--

ALTER TABLE ONLY public.auth_group_permissions
    ADD CONSTRAINT auth_group_permissions_pkey PRIMARY KEY (id);


--
-- Name: auth_group auth_group_pkey; Type: CONSTRAINT; Schema: public; Owner: postgres
--

ALTER TABLE ONLY public.auth_group
    ADD CONSTRAINT auth_group_pkey PRIMARY KEY (id);


--
-- Name: auth_permission auth_permission_content_type_id_codename_01ab375a_uniq; Type: CONSTRAINT; Schema: public; Owner: postgres
--

ALTER TABLE ONLY public.auth_permission
    ADD CONSTRAINT auth_permission_content_type_id_codename_01ab375a_uniq UNIQUE (content_type_id, codename);


--
-- Name: auth_permission auth_permission_pkey; Type: CONSTRAINT; Schema: public; Owner: postgres
--

ALTER TABLE ONLY public.auth_permission
    ADD CONSTRAINT auth_permission_pkey PRIMARY KEY (id);


--
-- Name: chat_chatmessage chat_chatmessage_pkey; Type: CONSTRAINT; Schema: public; Owner: postgres
--

ALTER TABLE ONLY public.chat_chatmessage
    ADD CONSTRAINT chat_chatmessage_pkey PRIMARY KEY (id);


--
-- Name: chat_chatroom chat_chatroom_pkey; Type: CONSTRAINT; Schema: public; Owner: postgres
--

ALTER TABLE ONLY public.chat_chatroom
    ADD CONSTRAINT chat_chatroom_pkey PRIMARY KEY (id);


--
-- Name: django_admin_log django_admin_log_pkey; Type: CONSTRAINT; Schema: public; Owner: postgres
--

ALTER TABLE ONLY public.django_admin_log
    ADD CONSTRAINT django_admin_log_pkey PRIMARY KEY (id);


--
-- Name: django_content_type django_content_type_app_label_model_76bd3d3b_uniq; Type: CONSTRAINT; Schema: public; Owner: postgres
--

ALTER TABLE ONLY public.django_content_type
    ADD CONSTRAINT django_content_type_app_label_model_76bd3d3b_uniq UNIQUE (app_label, model);


--
-- Name: django_content_type django_content_type_pkey; Type: CONSTRAINT; Schema: public; Owner: postgres
--

ALTER TABLE ONLY public.django_content_type
    ADD CONSTRAINT django_content_type_pkey PRIMARY KEY (id);


--
-- Name: django_migrations django_migrations_pkey; Type: CONSTRAINT; Schema: public; Owner: postgres
--

ALTER TABLE ONLY public.django_migrations
    ADD CONSTRAINT django_migrations_pkey PRIMARY KEY (id);


--
-- Name: django_session django_session_pkey; Type: CONSTRAINT; Schema: public; Owner: postgres
--

ALTER TABLE ONLY public.django_session
    ADD CONSTRAINT django_session_pkey PRIMARY KEY (session_key);


--
-- Name: Booking_booking_user_id_0e1c5639; Type: INDEX; Schema: public; Owner: postgres
--

CREATE INDEX "Booking_booking_user_id_0e1c5639" ON public."Booking_booking" USING btree (user_id);


--
-- Name: Booking_booking_vendor_id_7f67f9a3; Type: INDEX; Schema: public; Owner: postgres
--

CREATE INDEX "Booking_booking_vendor_id_7f67f9a3" ON public."Booking_booking" USING btree (vendor_id);


--
-- Name: Booking_booking_work_id_e8eea825; Type: INDEX; Schema: public; Owner: postgres
--

CREATE INDEX "Booking_booking_work_id_e8eea825" ON public."Booking_booking" USING btree (work_id);


--
-- Name: Users_customuser_email_3e2cd4c1_like; Type: INDEX; Schema: public; Owner: postgres
--

CREATE INDEX "Users_customuser_email_3e2cd4c1_like" ON public."Users_customuser" USING btree (email varchar_pattern_ops);


--
-- Name: Users_customuser_groups_customuser_id_2cb9ebc6; Type: INDEX; Schema: public; Owner: postgres
--

CREATE INDEX "Users_customuser_groups_customuser_id_2cb9ebc6" ON public."Users_customuser_groups" USING btree (customuser_id);


--
-- Name: Users_customuser_groups_group_id_c15c8f40; Type: INDEX; Schema: public; Owner: postgres
--

CREATE INDEX "Users_customuser_groups_group_id_c15c8f40" ON public."Users_customuser_groups" USING btree (group_id);


--
-- Name: Users_customuser_user_permissions_customuser_id_f80eaa53; Type: INDEX; Schema: public; Owner: postgres
--

CREATE INDEX "Users_customuser_user_permissions_customuser_id_f80eaa53" ON public."Users_customuser_user_permissions" USING btree (customuser_id);


--
-- Name: Users_customuser_user_permissions_permission_id_ff591115; Type: INDEX; Schema: public; Owner: postgres
--

CREATE INDEX "Users_customuser_user_permissions_permission_id_ff591115" ON public."Users_customuser_user_permissions" USING btree (permission_id);


--
-- Name: VendorSide_favorites_user_id_1ef8ee85; Type: INDEX; Schema: public; Owner: postgres
--

CREATE INDEX "VendorSide_favorites_user_id_1ef8ee85" ON public."VendorSide_favorites" USING btree (user_id);


--
-- Name: VendorSide_favorites_work_id_7693fe19; Type: INDEX; Schema: public; Owner: postgres
--

CREATE INDEX "VendorSide_favorites_work_id_7693fe19" ON public."VendorSide_favorites" USING btree (work_id);


--
-- Name: VendorSide_review_user_id_00d00c7d; Type: INDEX; Schema: public; Owner: postgres
--

CREATE INDEX "VendorSide_review_user_id_00d00c7d" ON public."VendorSide_review" USING btree (user_id);


--
-- Name: VendorSide_review_work_id_3e4ee75d; Type: INDEX; Schema: public; Owner: postgres
--

CREATE INDEX "VendorSide_review_work_id_3e4ee75d" ON public."VendorSide_review" USING btree (work_id);


--
-- Name: VendorSide_vendorworks_vendor_id_1249f000; Type: INDEX; Schema: public; Owner: postgres
--

CREATE INDEX "VendorSide_vendorworks_vendor_id_1249f000" ON public."VendorSide_vendorworks" USING btree (vendor_id);


--
-- Name: VendorSide_workimages_work_id_ba29eebd; Type: INDEX; Schema: public; Owner: postgres
--

CREATE INDEX "VendorSide_workimages_work_id_ba29eebd" ON public."VendorSide_workimages" USING btree (work_id);


--
-- Name: auth_group_name_a6ea08ec_like; Type: INDEX; Schema: public; Owner: postgres
--

CREATE INDEX auth_group_name_a6ea08ec_like ON public.auth_group USING btree (name varchar_pattern_ops);


--
-- Name: auth_group_permissions_group_id_b120cbf9; Type: INDEX; Schema: public; Owner: postgres
--

CREATE INDEX auth_group_permissions_group_id_b120cbf9 ON public.auth_group_permissions USING btree (group_id);


--
-- Name: auth_group_permissions_permission_id_84c5c92e; Type: INDEX; Schema: public; Owner: postgres
--

CREATE INDEX auth_group_permissions_permission_id_84c5c92e ON public.auth_group_permissions USING btree (permission_id);


--
-- Name: auth_permission_content_type_id_2f476e4b; Type: INDEX; Schema: public; Owner: postgres
--

CREATE INDEX auth_permission_content_type_id_2f476e4b ON public.auth_permission USING btree (content_type_id);


--
-- Name: chat_chatmessage_room_id_5d04fb68; Type: INDEX; Schema: public; Owner: postgres
--

CREATE INDEX chat_chatmessage_room_id_5d04fb68 ON public.chat_chatmessage USING btree (room_id);


--
-- Name: chat_chatmessage_sender_id_80753f2b; Type: INDEX; Schema: public; Owner: postgres
--

CREATE INDEX chat_chatmessage_sender_id_80753f2b ON public.chat_chatmessage USING btree (sender_id);


--
-- Name: chat_chatroom_user_id_80e8b860; Type: INDEX; Schema: public; Owner: postgres
--

CREATE INDEX chat_chatroom_user_id_80e8b860 ON public.chat_chatroom USING btree (user_id);


--
-- Name: chat_chatroom_vendor_id_67842dd7; Type: INDEX; Schema: public; Owner: postgres
--

CREATE INDEX chat_chatroom_vendor_id_67842dd7 ON public.chat_chatroom USING btree (vendor_id);


--
-- Name: django_admin_log_content_type_id_c4bce8eb; Type: INDEX; Schema: public; Owner: postgres
--

CREATE INDEX django_admin_log_content_type_id_c4bce8eb ON public.django_admin_log USING btree (content_type_id);


--
-- Name: django_admin_log_user_id_c564eba6; Type: INDEX; Schema: public; Owner: postgres
--

CREATE INDEX django_admin_log_user_id_c564eba6 ON public.django_admin_log USING btree (user_id);


--
-- Name: django_session_expire_date_a5c62663; Type: INDEX; Schema: public; Owner: postgres
--

CREATE INDEX django_session_expire_date_a5c62663 ON public.django_session USING btree (expire_date);


--
-- Name: django_session_session_key_c0390e0f_like; Type: INDEX; Schema: public; Owner: postgres
--

CREATE INDEX django_session_session_key_c0390e0f_like ON public.django_session USING btree (session_key varchar_pattern_ops);


--
-- Name: Booking_booking Booking_booking_user_id_0e1c5639_fk_Users_customuser_id; Type: FK CONSTRAINT; Schema: public; Owner: postgres
--

ALTER TABLE ONLY public."Booking_booking"
    ADD CONSTRAINT "Booking_booking_user_id_0e1c5639_fk_Users_customuser_id" FOREIGN KEY (user_id) REFERENCES public."Users_customuser"(id) DEFERRABLE INITIALLY DEFERRED;


--
-- Name: Booking_booking Booking_booking_vendor_id_7f67f9a3_fk_Users_customuser_id; Type: FK CONSTRAINT; Schema: public; Owner: postgres
--

ALTER TABLE ONLY public."Booking_booking"
    ADD CONSTRAINT "Booking_booking_vendor_id_7f67f9a3_fk_Users_customuser_id" FOREIGN KEY (vendor_id) REFERENCES public."Users_customuser"(id) DEFERRABLE INITIALLY DEFERRED;


--
-- Name: Booking_booking Booking_booking_work_id_e8eea825_fk_VendorSide_vendorworks_id; Type: FK CONSTRAINT; Schema: public; Owner: postgres
--

ALTER TABLE ONLY public."Booking_booking"
    ADD CONSTRAINT "Booking_booking_work_id_e8eea825_fk_VendorSide_vendorworks_id" FOREIGN KEY (work_id) REFERENCES public."VendorSide_vendorworks"(id) DEFERRABLE INITIALLY DEFERRED;


--
-- Name: Rag_ai_vendorembedding Rag_ai_vendorembeddi_vendor_work_id_c51b2a65_fk_VendorSid; Type: FK CONSTRAINT; Schema: public; Owner: postgres
--

ALTER TABLE ONLY public."Rag_ai_vendorembedding"
    ADD CONSTRAINT "Rag_ai_vendorembeddi_vendor_work_id_c51b2a65_fk_VendorSid" FOREIGN KEY (vendor_work_id) REFERENCES public."VendorSide_vendorworks"(id) DEFERRABLE INITIALLY DEFERRED;


--
-- Name: Users_customuser_groups Users_customuser_gro_customuser_id_2cb9ebc6_fk_Users_cus; Type: FK CONSTRAINT; Schema: public; Owner: postgres
--

ALTER TABLE ONLY public."Users_customuser_groups"
    ADD CONSTRAINT "Users_customuser_gro_customuser_id_2cb9ebc6_fk_Users_cus" FOREIGN KEY (customuser_id) REFERENCES public."Users_customuser"(id) DEFERRABLE INITIALLY DEFERRED;


--
-- Name: Users_customuser_groups Users_customuser_groups_group_id_c15c8f40_fk_auth_group_id; Type: FK CONSTRAINT; Schema: public; Owner: postgres
--

ALTER TABLE ONLY public."Users_customuser_groups"
    ADD CONSTRAINT "Users_customuser_groups_group_id_c15c8f40_fk_auth_group_id" FOREIGN KEY (group_id) REFERENCES public.auth_group(id) DEFERRABLE INITIALLY DEFERRED;


--
-- Name: Users_customuser_user_permissions Users_customuser_use_customuser_id_f80eaa53_fk_Users_cus; Type: FK CONSTRAINT; Schema: public; Owner: postgres
--

ALTER TABLE ONLY public."Users_customuser_user_permissions"
    ADD CONSTRAINT "Users_customuser_use_customuser_id_f80eaa53_fk_Users_cus" FOREIGN KEY (customuser_id) REFERENCES public."Users_customuser"(id) DEFERRABLE INITIALLY DEFERRED;


--
-- Name: Users_customuser_user_permissions Users_customuser_use_permission_id_ff591115_fk_auth_perm; Type: FK CONSTRAINT; Schema: public; Owner: postgres
--

ALTER TABLE ONLY public."Users_customuser_user_permissions"
    ADD CONSTRAINT "Users_customuser_use_permission_id_ff591115_fk_auth_perm" FOREIGN KEY (permission_id) REFERENCES public.auth_permission(id) DEFERRABLE INITIALLY DEFERRED;


--
-- Name: VendorSide_favorites VendorSide_favorites_user_id_1ef8ee85_fk_Users_customuser_id; Type: FK CONSTRAINT; Schema: public; Owner: postgres
--

ALTER TABLE ONLY public."VendorSide_favorites"
    ADD CONSTRAINT "VendorSide_favorites_user_id_1ef8ee85_fk_Users_customuser_id" FOREIGN KEY (user_id) REFERENCES public."Users_customuser"(id) DEFERRABLE INITIALLY DEFERRED;


--
-- Name: VendorSide_favorites VendorSide_favorites_work_id_7693fe19_fk_VendorSid; Type: FK CONSTRAINT; Schema: public; Owner: postgres
--

ALTER TABLE ONLY public."VendorSide_favorites"
    ADD CONSTRAINT "VendorSide_favorites_work_id_7693fe19_fk_VendorSid" FOREIGN KEY (work_id) REFERENCES public."VendorSide_vendorworks"(id) DEFERRABLE INITIALLY DEFERRED;


--
-- Name: VendorSide_review VendorSide_review_user_id_00d00c7d_fk_Users_customuser_id; Type: FK CONSTRAINT; Schema: public; Owner: postgres
--

ALTER TABLE ONLY public."VendorSide_review"
    ADD CONSTRAINT "VendorSide_review_user_id_00d00c7d_fk_Users_customuser_id" FOREIGN KEY (user_id) REFERENCES public."Users_customuser"(id) DEFERRABLE INITIALLY DEFERRED;


--
-- Name: VendorSide_review VendorSide_review_work_id_3e4ee75d_fk_VendorSide_vendorworks_id; Type: FK CONSTRAINT; Schema: public; Owner: postgres
--

ALTER TABLE ONLY public."VendorSide_review"
    ADD CONSTRAINT "VendorSide_review_work_id_3e4ee75d_fk_VendorSide_vendorworks_id" FOREIGN KEY (work_id) REFERENCES public."VendorSide_vendorworks"(id) DEFERRABLE INITIALLY DEFERRED;


--
-- Name: VendorSide_vendorworks VendorSide_vendorwor_vendor_id_1249f000_fk_Users_cus; Type: FK CONSTRAINT; Schema: public; Owner: postgres
--

ALTER TABLE ONLY public."VendorSide_vendorworks"
    ADD CONSTRAINT "VendorSide_vendorwor_vendor_id_1249f000_fk_Users_cus" FOREIGN KEY (vendor_id) REFERENCES public."Users_customuser"(id) DEFERRABLE INITIALLY DEFERRED;


--
-- Name: VendorSide_workimages VendorSide_workimage_work_id_ba29eebd_fk_VendorSid; Type: FK CONSTRAINT; Schema: public; Owner: postgres
--

ALTER TABLE ONLY public."VendorSide_workimages"
    ADD CONSTRAINT "VendorSide_workimage_work_id_ba29eebd_fk_VendorSid" FOREIGN KEY (work_id) REFERENCES public."VendorSide_vendorworks"(id) DEFERRABLE INITIALLY DEFERRED;


--
-- Name: auth_group_permissions auth_group_permissio_permission_id_84c5c92e_fk_auth_perm; Type: FK CONSTRAINT; Schema: public; Owner: postgres
--

ALTER TABLE ONLY public.auth_group_permissions
    ADD CONSTRAINT auth_group_permissio_permission_id_84c5c92e_fk_auth_perm FOREIGN KEY (permission_id) REFERENCES public.auth_permission(id) DEFERRABLE INITIALLY DEFERRED;


--
-- Name: auth_group_permissions auth_group_permissions_group_id_b120cbf9_fk_auth_group_id; Type: FK CONSTRAINT; Schema: public; Owner: postgres
--

ALTER TABLE ONLY public.auth_group_permissions
    ADD CONSTRAINT auth_group_permissions_group_id_b120cbf9_fk_auth_group_id FOREIGN KEY (group_id) REFERENCES public.auth_group(id) DEFERRABLE INITIALLY DEFERRED;


--
-- Name: auth_permission auth_permission_content_type_id_2f476e4b_fk_django_co; Type: FK CONSTRAINT; Schema: public; Owner: postgres
--

ALTER TABLE ONLY public.auth_permission
    ADD CONSTRAINT auth_permission_content_type_id_2f476e4b_fk_django_co FOREIGN KEY (content_type_id) REFERENCES public.django_content_type(id) DEFERRABLE INITIALLY DEFERRED;


--
-- Name: chat_chatmessage chat_chatmessage_room_id_5d04fb68_fk_chat_chatroom_id; Type: FK CONSTRAINT; Schema: public; Owner: postgres
--

ALTER TABLE ONLY public.chat_chatmessage
    ADD CONSTRAINT chat_chatmessage_room_id_5d04fb68_fk_chat_chatroom_id FOREIGN KEY (room_id) REFERENCES public.chat_chatroom(id) DEFERRABLE INITIALLY DEFERRED;


--
-- Name: chat_chatmessage chat_chatmessage_sender_id_80753f2b_fk_Users_customuser_id; Type: FK CONSTRAINT; Schema: public; Owner: postgres
--

ALTER TABLE ONLY public.chat_chatmessage
    ADD CONSTRAINT "chat_chatmessage_sender_id_80753f2b_fk_Users_customuser_id" FOREIGN KEY (sender_id) REFERENCES public."Users_customuser"(id) DEFERRABLE INITIALLY DEFERRED;


--
-- Name: chat_chatroom chat_chatroom_user_id_80e8b860_fk_Users_customuser_id; Type: FK CONSTRAINT; Schema: public; Owner: postgres
--

ALTER TABLE ONLY public.chat_chatroom
    ADD CONSTRAINT "chat_chatroom_user_id_80e8b860_fk_Users_customuser_id" FOREIGN KEY (user_id) REFERENCES public."Users_customuser"(id) DEFERRABLE INITIALLY DEFERRED;


--
-- Name: chat_chatroom chat_chatroom_vendor_id_67842dd7_fk_Users_customuser_id; Type: FK CONSTRAINT; Schema: public; Owner: postgres
--

ALTER TABLE ONLY public.chat_chatroom
    ADD CONSTRAINT "chat_chatroom_vendor_id_67842dd7_fk_Users_customuser_id" FOREIGN KEY (vendor_id) REFERENCES public."Users_customuser"(id) DEFERRABLE INITIALLY DEFERRED;


--
-- Name: django_admin_log django_admin_log_content_type_id_c4bce8eb_fk_django_co; Type: FK CONSTRAINT; Schema: public; Owner: postgres
--

ALTER TABLE ONLY public.django_admin_log
    ADD CONSTRAINT django_admin_log_content_type_id_c4bce8eb_fk_django_co FOREIGN KEY (content_type_id) REFERENCES public.django_content_type(id) DEFERRABLE INITIALLY DEFERRED;


--
-- Name: django_admin_log django_admin_log_user_id_c564eba6_fk_Users_customuser_id; Type: FK CONSTRAINT; Schema: public; Owner: postgres
--

ALTER TABLE ONLY public.django_admin_log
    ADD CONSTRAINT "django_admin_log_user_id_c564eba6_fk_Users_customuser_id" FOREIGN KEY (user_id) REFERENCES public."Users_customuser"(id) DEFERRABLE INITIALLY DEFERRED;


--
-- PostgreSQL database dump complete
--

\unrestrict PjTDxEhpktBxHbsvSeAOwj7ySjsXzLPM08hp6xgeYamZhK88kch5902ajiJjpYC

